# EVIDENCE,parameter,evidence_tier,mapping_status,anchor_value,source_id,sample_period,method,notes
META,registry_id,v2-empirical-evidence-2026-08-12
META,as_of,2026-08-12
EVIDENCE,neutral_rate,official-model-estimate,direct,2.75,boc_neutral_rate_2026,2026 assessment,multi-model official range,"Directly compatible with the model's nominal neutral-rate concept; midpoint of the Bank's 2.25%-3.25% range."
EVIDENCE,rate_inflation_response,empirical-estimate,reference-only,3.992,boc_inflation_decomposition_2026,1995Q1-2025Q3,targeted Taylor rule,"Published response is to demand-driven inflation in a smoothed Taylor rule; retained as external evidence but not substituted into the simpler aggregate-inflation rule."
EVIDENCE,rate_output_response,empirical-estimate,reference-only,2.433,boc_inflation_decomposition_2026,1995Q1-2025Q3,targeted Taylor rule,"Published output-gap response is externally estimated but not directly substituted because the production rule uses a different adjustment mechanism."
EVIDENCE,inflation_persistence,empirical-estimate,reference-only,0.7159,boc_inflation_decomposition_2026,1995Q1-2019Q4,AR(1) annual PCE inflation,"Pre-pandemic total PCE persistence estimate. Evidence is highly relevant but the engine state is quarterly inflation, so direct substitution is deferred."
EVIDENCE,inflation_shock_sd,empirical-estimate,reference-only,0.5851,boc_inflation_decomposition_2026,1995Q1-2019Q4,standard deviation of annual PCE inflation,"Observed inflation volatility benchmark; not the same object as a quarterly structural innovation standard deviation."
EVIDENCE,fx_pass_through,empirical-estimate,reference-only,0.114035,boc_fx_passthrough_2019,2002-2012,estimated structural retail model,"Approximate retail-price elasticity implied by a 6.5% price-index decline associated with a 57% appreciation; engine units differ, so used as a calibration reference only."
EVIDENCE,import_price_pass_through,empirical-estimate,reference-only,0.24,boc_tariff_passthrough_2026,2025-2026,difference-in-differences retail price study,"Tariffed-goods prices rose about 6% under a 25% tariff, implying roughly one-quarter retail pass-through; aggregate model coefficient has a different incidence mapping."
