quarter,output_gap,core_inflation,policy_rate,usdcad,statcan_gdp_growth,statcan_unemployment
2001Q1,0.00279203597,1.872165547,0.0517,0.656,2.076215025,2.6875
2001Q2,0.00079093147,2.228377551,0.0449,0.648,1.031108257,2.433333333
2001Q3,-0.00747791104,2.225794396,0.0398,0.648,-0.3029563285,1.891666667
2001Q4,-0.01615504878,2.061764925,0.0244,0.6335,2.444742553,2.008333333
2002Q1,-0.00798999082,2.011944092,0.0212,0.627277143,5.915205356,2.083333333
2002Q2,-0.00107414629,2.109037623,0.0259,0.6432012298,2.273576662,2.025
2002Q3,0.00098537695,2.159563621,0.02985000052,0.64244822,3.479638095,1.983333333
2002Q4,-0.00192721837,2.700944334,0.02836666667,0.6371987713,2.20950824,1.991666667
2003Q1,-0.00057945628,3.089382873,0.0303,0.6630554723,2.197654403,1.966666667
2003Q2,9.083185e-05,2.269920555,0.0331,0.7142988673,-0.5939238993,2.016666667
2003Q3,-0.00544509309,1.673477796,0.02845,0.7228923658,1.504975541,2.05
2003Q4,-0.00566949535,1.884877484,0.0272,0.7613705741,2.733433122,1.958333333
2004Q1,-0.00554317348,1.35364468,0.0231,0.7567734318,2.873596323,1.925
2004Q2,-0.00369176054,1.496145652,0.0206,0.7347023685,4.702048257,1.891666667
2004Q3,-0.00062106294,1.781458864,0.0217,0.7624983306,4.727374038,1.85
2004Q4,-0.00101558937,1.376682485,0.0267,0.8264412253,2.861369334,1.883333333
2005Q1,-0.00194545536,1.631022224,0.02565,0.8147253802,1.361760297,1.833333333
2005Q2,-0.00163600604,1.685941061,0.02585,0.8021901013,2.837590649,1.808333333
2005Q3,-0.00047105497,1.625734157,0.02735,0.8309892511,4.89263135,1.775
2005Q4,-0.0001085,1.580890285,0.03255,0.8512776673,3.942120701,1.733333333
2006Q1,0.00385767811,1.651024213,0.03735,0.8729955792,3.193292953,1.75
2006Q2,0.00834297315,1.833273454,0.0426,0.8928450258,0.19298392,1.683333333
2006Q3,0.01022094,2.029639473,0.0433,0.8918539822,1.110058387,1.725
2006Q4,0.00695912205,2.202989771,0.0432,0.8794760254,1.506044293,1.691666667
2007Q1,0.00326684347,2.192638998,0.0434,0.8507532897,2.578057531,1.683333333
2007Q2,0.00417417676,2.416204347,0.04389996454,0.9135033407,3.8420436,1.65
2007Q3,0.00753647612,2.31695697,0.0475,0.9494068026,1.658615501,1.6
2007Q4,0.00841300997,1.660512095,0.0467,1.01699996,0.5598583433,1.625
2008Q1,0.00384441157,1.374884357,0.04083,0.9998099804,0.2370647511,1.633333333
2008Q2,-0.00106036283,1.367367873,0.0325,0.9892359376,1.385455941,1.641666667
2008Q3,-0.00677819458,1.542663778,0.0325,0.956099987,3.322825541,1.658333333
2008Q4,-0.01091433083,2.177870122,0.0175,0.8266999722,-4.653205525,1.775
2009Q1,-0.03256691318,1.897020059,0.0075,0.8033999801,-9.245483423,2.1
2009Q2,-0.04105681401,1.795339102,0.005,0.8590999842,-4.438184357,2.258333333
2009Q3,-0.03754692515,1.608583853,0.005,0.9112645388,1.805962813,2.266666667
2009Q4,-0.03940839806,1.598579267,0.005,0.9462738037,4.697461286,2.25
2010Q1,-0.02728396796,2.037196415,0.005,0.9626845121,4.737244658,2.191666667
2010Q2,-0.01789277251,1.850215998,0.0075,0.9749901891,2.051491965,2.133333333
2010Q3,-0.01860570226,1.581721465,0.0125,0.9613997936,2.846291261,2.15
2010Q4,-0.0160060342,1.573426807,0.0125,0.986023128,4.496564174,2.083333333
2011Q1,-0.00551836422,1.216334681,0.0125,1.00999999,2.946540728,2.05
2011Q2,-0.00991706492,1.559792028,0.0125,1.033820706,0.7590852263,2.033333333
2011Q3,-0.01340870791,1.816608997,0.0125,1.019697975,5.513416694,1.958333333
2011Q4,-0.00925969155,2.151462995,0.0125,0.9759997026,3.148133575,1.983333333
2012Q1,-0.00293437182,2.145922747,0.0125,0.9993847538,0.1275579286,1.991666667
2012Q2,-0.00349222426,1.952506394,0.0125,0.99,1.318200579,1.966666667
2012Q3,-0.00833033584,1.696352841,0.0125,1.006,0.7880741971,1.941666667
2012Q4,-0.00980168488,1.265822785,0.0125,1.0089,0.4875452893,1.941666667
2013Q1,-0.01220789272,1.008403361,0.0125,0.993,4.100911855,1.891666667
2013Q2,-0.0104258265,1.087866109,0.0125,0.98,2.584764527,1.891666667
2013Q3,-0.01390467893,1.42021721,0.0125,0.963,3.264200272,1.908333333
2013Q4,-0.01063939108,1.1676397,0.0125,0.954,4.011514886,1.916666667
2014Q1,-0.01016228607,1.244813278,0.0125,0.907,0.4974694539,1.908333333
2014Q2,-0.00875617723,1.571546733,0.0125,0.9150000215,4.76645551,1.9
2014Q3,-0.00601822193,1.98019802,0.0125,0.9210000038,2.902662441,1.858333333
2014Q4,-0.00601913352,2.224052718,0.0125,0.8787999749,1.812842961,1.791666667
2015Q1,-0.01060271203,2.129402129,0.01124450586,0.8039660653,-0.8015849534,1.816666667
2015Q2,-0.01362002944,2.198697068,0.01,0.8134899883,-0.5791949808,1.833333333
2015Q3,-0.01411514248,2.184466019,0.0075,0.76,2.255593824,1.866666667
2015Q4,-0.0114842098,2.012882448,0.0075,0.754,0.4154789863,1.883333333
2016Q1,-0.00967255046,1.92153723,0.0075,0.721,2.457750935,1.908333333
2016Q2,-0.01532561784,2.070063694,0.0075,0.7766,-1.049683801,1.883333333
2016Q3,-0.01461247793,1.901743265,0.0075,0.769,4.183193582,1.841666667
2016Q4,-0.01286559972,1.736385162,0.0075,0.751,2.21401028,1.816666667
2017Q1,-0.00911565922,1.593292881,0.0075,0.756774,3.929965928,1.783333333
2017Q2,-0.00468049447,1.419279242,0.0075,0.743888,4.457546892,1.733333333
2017Q3,0.00024870414,1.534207275,0.0125,0.8,1.637066626,1.658333333
2017Q4,0.00154294154,1.6773728,0.0125,0.79,1.694744865,1.641666667
2018Q1,-0.00183664483,1.88360249,0.015,0.793482,1.417367417,1.575
2018Q2,-0.00116704,2.082006158,0.015,0.7795,2.837735111,1.575
2018Q3,-0.001745,2.094593705,0.0175,0.765003,38.12401424,1.575
2018Q4,-0.00520700928,2.040129979,0.02,0.761278,1.361159594,1.508333333
2019Q1,-0.00765407806,1.847790845,0.02,0.752888,0.2829369915,1.541666667
2019Q2,-0.00842431931,1.970939554,0.02,0.745381,3.933040953,1.5
2019Q3,-0.00528851426,2.016471788,0.02,0.757773,1.493315182,1.516666667
2019Q4,-0.00451416312,2.130360181,0.02,0.757016,1.305341317,1.525
